Workbook

Sheet ENGATIVA
A1: MOVIL | B1: RUTERO FRONTAL | C1: RUTERO LATERAL | D1: RUTERO TRASERO | E1: COMANDO | F1: FUERA DE SERVICIO | G1: COMENTARIOS | H1: ESTADO
A2: Z10-2018 | H2: =IF(F2="Sí","FUERA DE SERVICIO",IF(AND(B2="Sí",C2="Sí",D2="Sí",E2="Sí"),"COMPLETO",IF(COUNTIF(B2:E2,"Sí")>0,"EN PROCESO","SIN REVISAR"))) -> SIN REVISAR
A3: Z10-2019 | H3: =IF(F3="Sí","FUERA DE SERVICIO",IF(AND(B3="Sí",C3="Sí",D3="Sí",E3="Sí"),"COMPLETO",IF(COUNTIF(B3:E3,"Sí")>0,"EN PROCESO","SIN REVISAR"))) -> SIN REVISAR
A4: Z10-2022 | H4: =IF(F4="Sí","FUERA DE SERVICIO",IF(AND(B4="Sí",C4="Sí",D4="Sí",E4="Sí"),"COMPLETO",IF(COUNTIF(B4:E4,"Sí")>0,"EN PROCESO","SIN REVISAR"))) -> SIN REVISAR
A5: Z10-2024 | H5: =IF(F5="Sí","FUERA DE SERVICIO",IF(AND(B5="Sí",C5="Sí",D5="Sí",E5="Sí"),"COMPLETO",IF(COUNTIF(B5:E5,"Sí")>0,"EN PROCESO","SIN REVISAR"))) -> SIN REVISAR
A6: Z10-2027 | H6: =IF(F6="Sí","FUERA DE SERVICIO",IF(AND(B6="Sí",C6="Sí",D6="Sí",E6="Sí"),"COMPLETO",IF(COUNTIF(B6:E6,"Sí")>0,"EN PROCESO","SIN REVISAR"))) -> SIN REVISAR
A7: Z10-2126 | H7: =IF(F7="Sí","FUERA DE SERVICIO",IF(AND(B7="Sí",C7="Sí",D7="Sí",E7="Sí"),"COMPLETO",IF(COUNTIF(B7:E7,"Sí")>0,"EN PROCESO","SIN REVISAR"))) -> SIN REVISAR
A8: Z10-2132 | H8: =IF(F8="Sí","FUERA DE SERVICIO",IF(AND(B8="Sí",C8="Sí",D8="Sí",E8="Sí"),"COMPLETO",IF(COUNTIF(B8:E8,"Sí")>0,"EN PROCESO","SIN REVISAR"))) -> SIN REVISAR
A9: Z10-2138 | H9: =IF(F9="Sí","FUERA DE SERVICIO",IF(AND(B9="Sí",C9="Sí",D9="Sí",E9="Sí"),"COMPLETO",IF(COUNTIF(B9:E9,"Sí")>0,"EN PROCESO","SIN REVISAR"))) -> SIN REVISAR
A10: Z10-2140 | H10: =IF(F10="Sí","FUERA DE SERVICIO",IF(AND(B10="Sí",C10="Sí",D10="Sí",E10="Sí"),"COMPLETO",IF(COUNTIF(B10:E10,"Sí")>0,"EN PROCESO","SIN REVISAR"))) -> SIN REVISAR
A11: Z10-2147 | H11: =IF(F11="Sí","FUERA DE SERVICIO",IF(AND(B11="Sí",C11="Sí",D11="Sí",E11="Sí"),"COMPLETO",IF(COUNTIF(B11:E11,"Sí")>0,"EN PROCESO","SIN REVISAR"))) -> SIN REVISAR
A12: Z10-2148 | H12: =IF(F12="Sí","FUERA DE SERVICIO",IF(AND(B12="Sí",C12="Sí",D12="Sí",E12="Sí"),"COMPLETO",IF(COUNTIF(B12:E12,"Sí")>0,"EN PROCESO","SIN REVISAR"))) -> SIN REVISAR
A13: Z10-2153 | H13: =IF(F13="Sí","FUERA DE SERVICIO",IF(AND(B13="Sí",C13="Sí",D13="Sí",E13="Sí"),"COMPLETO",IF(COUNTIF(B13:E13,"Sí")>0,"EN PROCESO","SIN REVISAR"))) -> SIN REVISAR
... A17: Z10-2163 | H17: =IF(F17="Sí","FUERA DE SERVICIO",IF(AND(B17="Sí",C17="Sí",D17="Sí",E17="Sí"),"COMPLETO",IF(COUNTIF(B17:E17,"Sí")>0,"EN PROCESO","SIN REVISAR"))) -> SIN REVISAR
A18: Z10-2165 | G18: PLACA 2 RUTERO FRONTAL PERFORADA | H18: =IF(F18="Sí","FUERA DE SERVICIO",IF(AND(B18="Sí",C18="Sí",D18="Sí",E18="Sí"),"COMPLETO",IF(COUNTIF(B18:E18,"Sí")>0,"EN PROCESO","SIN REVISAR"))) -> SIN REVISAR
A19: Z10-2166 | H19: =IF(F19="Sí","FUERA DE SERVICIO",IF(AND(B19="Sí",C19="Sí",D19="Sí",E19="Sí"),"COMPLETO",IF(COUNTIF(B19:E19,"Sí")>0,"EN PROCESO","SIN REVISAR"))) -> SIN REVISAR
A20: Z10-2169 | H20: =IF(F20="Sí","FUERA DE SERVICIO",IF(AND(B20="Sí",C20="Sí",D20="Sí",E20="Sí"),"COMPLETO",IF(COUNTIF(B20:E20,"Sí")>0,"EN PROCESO","SIN REVISAR"))) -> SIN REVISAR
A21: Z10-2175 | H21: =IF(F21="Sí","FUERA DE SERVICIO",IF(AND(B21="Sí",C21="Sí",D21="Sí",E21="Sí"),"COMPLETO",IF(COUNTIF(B21:E21,"Sí")>0,"EN PROCESO","SIN REVISAR"))) -> SIN REVISAR
A22: Z10-2182 | H22: =IF(F22="Sí","FUERA DE SERVICIO",IF(AND(B22="Sí",C22="Sí",D22="Sí",E22="Sí"),"COMPLETO",IF(COUNTIF(B22:E22,"Sí")>0,"EN PROCESO","SIN REVISAR"))) -> SIN REVISAR
A23: Z10-2187 | H23: =IF(F23="Sí","FUERA DE SERVICIO",IF(AND(B23="Sí",C23="Sí",D23="Sí",E23="Sí"),"COMPLETO",IF(COUNTIF(B23:E23,"Sí")>0,"EN PROCESO","SIN REVISAR"))) -> SIN REVISAR
A24: Z10-2188 | H24: =IF(F24="Sí","FUERA DE SERVICIO",IF(AND(B24="Sí",C24="Sí",D24="Sí",E24="Sí"),"COMPLETO",IF(COUNTIF(B24:E24,"Sí")>0,"EN PROCESO","SIN REVISAR"))) -> SIN REVISAR
A25: Z10-2189 | H25: =IF(F25="Sí","FUERA DE SERVICIO",IF(AND(B25="Sí",C25="Sí",D25="Sí",E25="Sí"),"COMPLETO",IF(COUNTIF(B25:E25,"Sí")>0,"EN PROCESO","SIN REVISAR"))) -> SIN REVISAR
A26: Z10-2190 | H26: =IF(F26="Sí","FUERA DE SERVICIO",IF(AND(B26="Sí",C26="Sí",D26="Sí",E26="Sí"),"COMPLETO",IF(COUNTIF(B26:E26,"Sí")>0,"EN PROCESO","SIN REVISAR"))) -> SIN REVISAR
A27: Z10-2196 | H27: =IF(F27="Sí","FUERA DE SERVICIO",IF(AND(B27="Sí",C27="Sí",D27="Sí",E27="Sí"),"COMPLETO",IF(COUNTIF(B27:E27,"Sí")>0,"EN PROCESO","SIN REVISAR"))) -> SIN REVISAR
A28: Z10-2197 | H28: =IF(F28="Sí","FUERA DE SERVICIO",IF(AND(B28="Sí",C28="Sí",D28="Sí",E28="Sí"),"COMPLETO",IF(COUNTIF(B28:E28,"Sí")>0,"EN PROCESO","SIN REVISAR"))) -> SIN REVISAR
A29: Z10-2211 | H29: =IF(F29="Sí","FUERA DE SERVICIO",IF(AND(B29="Sí",C29="Sí",D29="Sí",E29="Sí"),"COMPLETO",IF(COUNTIF(B29:E29,"Sí")>0,"EN PROCESO","SIN REVISAR"))) -> SIN REVISAR
A30: Z10-2212 | H30: =IF(F30="Sí","FUERA DE SERVICIO",IF(AND(B30="Sí",C30="Sí",D30="Sí",E30="Sí"),"COMPLETO",IF(COUNTIF(B30:E30,"Sí")>0,"EN PROCESO","SIN REVISAR"))) -> SIN REVISAR
... A41: Z10-2238 | H41: =IF(F41="Sí","FUERA DE SERVICIO",IF(AND(B41="Sí",C41="Sí",D41="Sí",E41="Sí"),"COMPLETO",IF(COUNTIF(B41:E41,"Sí")>0,"EN PROCESO","SIN REVISAR"))) -> SIN REVISAR
A42: Z10-2239 | G42: REVISAR RUTERO FRONTAL | H42: =IF(F42="Sí","FUERA DE SERVICIO",IF(AND(B42="Sí",C42="Sí",D42="Sí",E42="Sí"),"COMPLETO",IF(COUNTIF(B42:E42,"Sí")>0,"EN PROCESO","SIN REVISAR"))) -> SIN REVISAR
A43: Z10-2240 | H43: =IF(F43="Sí","FUERA DE SERVICIO",IF(AND(B43="Sí",C43="Sí",D43="Sí",E43="Sí"),"COMPLETO",IF(COUNTIF(B43:E43,"Sí")>0,"EN PROCESO","SIN REVISAR"))) -> SIN REVISAR
A44: Z10-2242 | H44: =IF(F44="Sí","FUERA DE SERVICIO",IF(AND(B44="Sí",C44="Sí",D44="Sí",E44="Sí"),"COMPLETO",IF(COUNTIF(B44:E44,"Sí")>0,"EN PROCESO","SIN REVISAR"))) -> SIN REVISAR
A45: Z10-2243 | H45: =IF(F45="Sí","FUERA DE SERVICIO",IF(AND(B45="Sí",C45="Sí",D45="Sí",E45="Sí"),"COMPLETO",IF(COUNTIF(B45:E45,"Sí")>0,"EN PROCESO","SIN REVISAR"))) -> SIN REVISAR
A46: Z10-2244 | H46: =IF(F46="Sí","FUERA DE SERVICIO",IF(AND(B46="Sí",C46="Sí",D46="Sí",E46="Sí"),"COMPLETO",IF(COUNTIF(B46:E46,"Sí")>0,"EN PROCESO","SIN REVISAR"))) -> SIN REVISAR
A47: Z10-2249 | H47: =IF(F47="Sí","FUERA DE SERVICIO",IF(AND(B47="Sí",C47="Sí",D47="Sí",E47="Sí"),"COMPLETO",IF(COUNTIF(B47:E47,"Sí")>0,"EN PROCESO","SIN REVISAR"))) -> SIN REVISAR
A48: Z10-2251 | H48: =IF(F48="Sí","FUERA DE SERVICIO",IF(AND(B48="Sí",C48="Sí",D48="Sí",E48="Sí"),"COMPLETO",IF(COUNTIF(B48:E48,"Sí")>0,"EN PROCESO","SIN REVISAR"))) -> SIN REVISAR
A49: Z10-2254 | H49: =IF(F49="Sí","FUERA DE SERVICIO",IF(AND(B49="Sí",C49="Sí",D49="Sí",E49="Sí"),"COMPLETO",IF(COUNTIF(B49:E49,"Sí")>0,"EN PROCESO","SIN REVISAR"))) -> SIN REVISAR
A50: Z10-2255 | H50: =IF(F50="Sí","FUERA DE SERVICIO",IF(AND(B50="Sí",C50="Sí",D50="Sí",E50="Sí"),"COMPLETO",IF(COUNTIF(B50:E50,"Sí")>0,"EN PROCESO","SIN REVISAR"))) -> SIN REVISAR
A51: Z10-2260 | H51: =IF(F51="Sí","FUERA DE SERVICIO",IF(AND(B51="Sí",C51="Sí",D51="Sí",E51="Sí"),"COMPLETO",IF(COUNTIF(B51:E51,"Sí")>0,"EN PROCESO","SIN REVISAR"))) -> SIN REVISAR
A52: Z10-2264 | G52: NO TIENE RUTERO LATERAL | H52: =IF(F52="Sí","FUERA DE SERVICIO",IF(AND(B52="Sí",C52="Sí",D52="Sí",E52="Sí"),"COMPLETO",IF(COUNTIF(B52:E52,"Sí")>0,"EN PROCESO","SIN REVISAR"))) -> SIN REVISAR
A53: Z10-2268 | H53: =IF(F53="Sí","FUERA DE SERVICIO",IF(AND(B53="Sí",C53="Sí",D53="Sí",E53="Sí"),"COMPLETO",IF(COUNTIF(B53:E53,"Sí")>0,"EN PROCESO","SIN REVISAR"))) -> SIN REVISAR
A54: Z10-2272 | H54: =IF(F54="Sí","FUERA DE SERVICIO",IF(AND(B54="Sí",C54="Sí",D54="Sí",E54="Sí"),"COMPLETO",IF(COUNTIF(B54:E54,"Sí")>0,"EN PROCESO","SIN REVISAR"))) -> SIN REVISAR
A55: Z10-2274 | H55: =IF(F55="Sí","FUERA DE SERVICIO",IF(AND(B55="Sí",C55="Sí",D55="Sí",E55="Sí"),"COMPLETO",IF(COUNTIF(B55:E55,"Sí")>0,"EN PROCESO","SIN REVISAR"))) -> SIN REVISAR
A56: Z10-2276 | H56: =IF(F56="Sí","FUERA DE SERVICIO",IF(AND(B56="Sí",C56="Sí",D56="Sí",E56="Sí"),"COMPLETO",IF(COUNTIF(B56:E56,"Sí")>0,"EN PROCESO","SIN REVISAR"))) -> SIN REVISAR
A57: Z10-2279 | H57: =IF(F57="Sí","FUERA DE SERVICIO",IF(AND(B57="Sí",C57="Sí",D57="Sí",E57="Sí"),"COMPLETO",IF(COUNTIF(B57:E57,"Sí")>0,"EN PROCESO","SIN REVISAR"))) -> SIN REVISAR
A58: Z10-2289 | H58: =IF(F58="Sí","FUERA DE SERVICIO",IF(AND(B58="Sí",C58="Sí",D58="Sí",E58="Sí"),"COMPLETO",IF(COUNTIF(B58:E58,"Sí")>0,"EN PROCESO","SIN REVISAR"))) -> SIN REVISAR
A59: Z10-2296 | H59: =IF(F59="Sí","FUERA DE SERVICIO",IF(AND(B59="Sí",C59="Sí",D59="Sí",E59="Sí"),"COMPLETO",IF(COUNTIF(B59:E59,"Sí")>0,"EN PROCESO","SIN REVISAR"))) -> SIN REVISAR
A60: Z10-2298 | H60: =IF(F60="Sí","FUERA DE SERVICIO",IF(AND(B60="Sí",C60="Sí",D60="Sí",E60="Sí"),"COMPLETO",IF(COUNTIF(B60:E60,"Sí")>0,"EN PROCESO","SIN REVISAR"))) -> SIN REVISAR
A61: Z10-4126 | H61: =IF(F61="Sí","FUERA DE SERVICIO",IF(AND(B61="Sí",C61="Sí",D61="Sí",E61="Sí"),"COMPLETO",IF(COUNTIF(B61:E61,"Sí")>0,"EN PROCESO","SIN REVISAR"))) -> SIN REVISAR
A62: Z10-4183 | H62: =IF(F62="Sí","FUERA DE SERVICIO",IF(AND(B62="Sí",C62="Sí",D62="Sí",E62="Sí"),"COMPLETO",IF(COUNTIF(B62:E62,"Sí")>0,"EN PROCESO","SIN REVISAR"))) -> SIN REVISAR
A63: Z10-4208 | H63: =IF(F63="Sí","FUERA DE SERVICIO",IF(AND(B63="Sí",C63="Sí",D63="Sí",E63="Sí"),"COMPLETO",IF(COUNTIF(B63:E63,"Sí")>0,"EN PROCESO","SIN REVISAR"))) -> SIN REVISAR
A64: Z10-4282 | G64: SALE REPARACIÓN | H64: =IF(F64="Sí","FUERA DE SERVICIO",IF(AND(B64="Sí",C64="Sí",D64="Sí",E64="Sí"),"COMPLETO",IF(COUNTIF(B64:E64,"Sí")>0,"EN PROCESO","SIN REVISAR"))) -> SIN REVISAR
A65: Z10-4327 | H65: =IF(F65="Sí","FUERA DE SERVICIO",IF(AND(B65="Sí",C65="Sí",D65="Sí",E65="Sí"),"COMPLETO",IF(COUNTIF(B65:E65,"Sí")>0,"EN PROCESO","SIN REVISAR"))) -> SIN REVISAR
A66: Z10-4332 | H66: =IF(F66="Sí","FUERA DE SERVICIO",IF(AND(B66="Sí",C66="Sí",D66="Sí",E66="Sí"),"COMPLETO",IF(COUNTIF(B66:E66,"Sí")>0,"EN PROCESO","SIN REVISAR"))) -> SIN REVISAR
A67: Z10-4336 | H67: =IF(F67="Sí","FUERA DE SERVICIO",IF(AND(B67="Sí",C67="Sí",D67="Sí",E67="Sí"),"COMPLETO",IF(COUNTIF(B67:E67,"Sí")>0,"EN PROCESO","SIN REVISAR"))) -> SIN REVISAR
A68: Z10-4341 | H68: =IF(F68="Sí","FUERA DE SERVICIO",IF(AND(B68="Sí",C68="Sí",D68="Sí",E68="Sí"),"COMPLETO",IF(COUNTIF(B68:E68,"Sí")>0,"EN PROCESO","SIN REVISAR"))) -> SIN REVISAR
A69: Z10-4347 | H69: =IF(F69="Sí","FUERA DE SERVICIO",IF(AND(B69="Sí",C69="Sí",D69="Sí",E69="Sí"),"COMPLETO",IF(COUNTIF(B69:E69,"Sí")>0,"EN PROCESO","SIN REVISAR"))) -> SIN REVISAR
A70: Z10-4367 | H70: =IF(F70="Sí","FUERA DE SERVICIO",IF(AND(B70="Sí",C70="Sí",D70="Sí",E70="Sí"),"COMPLETO",IF(COUNTIF(B70:E70,"Sí")>0,"EN PROCESO","SIN REVISAR"))) -> SIN REVISAR
A71: Z10-4369 | H71: =IF(F71="Sí","FUERA DE SERVICIO",IF(AND(B71="Sí",C71="Sí",D71="Sí",E71="Sí"),"COMPLETO",IF(COUNTIF(B71:E71,"Sí")>0,"EN PROCESO","SIN REVISAR"))) -> SIN REVISAR
A72: Z10-4372 | H72: =IF(F72="Sí","FUERA DE SERVICIO",IF(AND(B72="Sí",C72="Sí",D72="Sí",E72="Sí"),"COMPLETO",IF(COUNTIF(B72:E72,"Sí")>0,"EN PROCESO","SIN REVISAR"))) -> SIN REVISAR
A73: Z10-4374 | H73: =IF(F73="Sí","FUERA DE SERVICIO",IF(AND(B73="Sí",C73="Sí",D73="Sí",E73="Sí"),"COMPLETO",IF(COUNTIF(B73:E73,"Sí")>0,"EN PROCESO","SIN REVISAR"))) -> SIN REVISAR
A74: Z10-4385 | H74: =IF(F74="Sí","FUERA DE SERVICIO",IF(AND(B74="Sí",C74="Sí",D74="Sí",E74="Sí"),"COMPLETO",IF(COUNTIF(B74:E74,"Sí")>0,"EN PROCESO","SIN REVISAR"))) -> SIN REVISAR
A75: Z10-4455 | H75: =IF(F75="Sí","FUERA DE SERVICIO",IF(AND(B75="Sí",C75="Sí",D75="Sí",E75="Sí"),"COMPLETO",IF(COUNTIF(B75:E75,"Sí")>0,"EN PROCESO","SIN REVISAR"))) -> SIN REVISAR
A76: Z10-4460 | H76: =IF(F76="Sí","FUERA DE SERVICIO",IF(AND(B76="Sí",C76="Sí",D76="Sí",E76="Sí"),"COMPLETO",IF(COUNTIF(B76:E76,"Sí")>0,"EN PROCESO","SIN REVISAR"))) -> SIN REVISAR
... A79: Z10-4487 | H79: =IF(F79="Sí","FUERA DE SERVICIO",IF(AND(B79="Sí",C79="Sí",D79="Sí",E79="Sí"),"COMPLETO",IF(COUNTIF(B79:E79,"Sí")>0,"EN PROCESO","SIN REVISAR"))) -> SIN REVISAR
A80: Z10-4527 | G80: RUTERO LATERAL DAÑADO | H80: =IF(F80="Sí","FUERA DE SERVICIO",IF(AND(B80="Sí",C80="Sí",D80="Sí",E80="Sí"),"COMPLETO",IF(COUNTIF(B80:E80,"Sí")>0,"EN PROCESO","SIN REVISAR"))) -> SIN REVISAR
A81: Z10-4532 | H81: =IF(F81="Sí","FUERA DE SERVICIO",IF(AND(B81="Sí",C81="Sí",D81="Sí",E81="Sí"),"COMPLETO",IF(COUNTIF(B81:E81,"Sí")>0,"EN PROCESO","SIN REVISAR"))) -> SIN REVISAR
A82: Z10-4534 | H82: =IF(F82="Sí","FUERA DE SERVICIO",IF(AND(B82="Sí",C82="Sí",D82="Sí",E82="Sí"),"COMPLETO",IF(COUNTIF(B82:E82,"Sí")>0,"EN PROCESO","SIN REVISAR"))) -> SIN REVISAR
A83: Z10-4535 | H83: =IF(F83="Sí","FUERA DE SERVICIO",IF(AND(B83="Sí",C83="Sí",D83="Sí",E83="Sí"),"COMPLETO",IF(COUNTIF(B83:E83,"Sí")>0,"EN PROCESO","SIN REVISAR"))) -> SIN REVISAR
A84: Z10-4538 | H84: =IF(F84="Sí","FUERA DE SERVICIO",IF(AND(B84="Sí",C84="Sí",D84="Sí",E84="Sí"),"COMPLETO",IF(COUNTIF(B84:E84,"Sí")>0,"EN PROCESO","SIN REVISAR"))) -> SIN REVISAR
A85: Z10-4539 | H85: =IF(F85="Sí","FUERA DE SERVICIO",IF(AND(B85="Sí",C85="Sí",D85="Sí",E85="Sí"),"COMPLETO",IF(COUNTIF(B85:E85,"Sí")>0,"EN PROCESO","SIN REVISAR"))) -> SIN REVISAR
A86: Z10-4542 | H86: =IF(F86="Sí","FUERA DE SERVICIO",IF(AND(B86="Sí",C86="Sí",D86="Sí",E86="Sí"),"COMPLETO",IF(COUNTIF(B86:E86,"Sí")>0,"EN PROCESO","SIN REVISAR"))) -> SIN REVISAR
A87: Z10-4553 | H87: =IF(F87="Sí","FUERA DE SERVICIO",IF(AND(B87="Sí",C87="Sí",D87="Sí",E87="Sí"),"COMPLETO",IF(COUNTIF(B87:E87,"Sí")>0,"EN PROCESO","SIN REVISAR"))) -> SIN REVISAR
A88: Z10-4556 | H88: =IF(F88="Sí","FUERA DE SERVICIO",IF(AND(B88="Sí",C88="Sí",D88="Sí",E88="Sí"),"COMPLETO",IF(COUNTIF(B88:E88,"Sí")>0,"EN PROCESO","SIN REVISAR"))) -> SIN REVISAR
A89: Z10-4560 | H89: =IF(F89="Sí","FUERA DE SERVICIO",IF(AND(B89="Sí",C89="Sí",D89="Sí",E89="Sí"),"COMPLETO",IF(COUNTIF(B89:E89,"Sí")>0,"EN PROCESO","SIN REVISAR"))) -> SIN REVISAR
A90: Z10-4561 | H90: =IF(F90="Sí","FUERA DE SERVICIO",IF(AND(B90="Sí",C90="Sí",D90="Sí",E90="Sí"),"COMPLETO",IF(COUNTIF(B90:E90,"Sí")>0,"EN PROCESO","SIN REVISAR"))) -> SIN REVISAR
A91: Z10-4563 | H91: =IF(F91="Sí","FUERA DE SERVICIO",IF(AND(B91="Sí",C91="Sí",D91="Sí",E91="Sí"),"COMPLETO",IF(COUNTIF(B91:E91,"Sí")>0,"EN PROCESO","SIN REVISAR"))) -> SIN REVISAR
A92: Z10-4569 | H92: =IF(F92="Sí","FUERA DE SERVICIO",IF(AND(B92="Sí",C92="Sí",D92="Sí",E92="Sí"),"COMPLETO",IF(COUNTIF(B92:E92,"Sí")>0,"EN PROCESO","SIN REVISAR"))) -> SIN REVISAR
... A122: Z10-7330 | H122: =IF(F122="Sí","FUERA DE SERVICIO",IF(AND(B122="Sí",C122="Sí",D122="Sí",E122="Sí"),"COMPLETO",IF(COUNTIF(B122:E122,"Sí")>0,"EN PROCESO","SIN REVISAR"))) -> SIN REVISAR

Sheet SUBA
A1: MOVIL | B1: RUTERO FRONTAL | C1: RUTERO LATERAL | D1: RUTERO TRASERO | E1: COMANDO | F1: FUERA DE SERVICIO | G1: COMENTARIOS | H1: ESTADO
A2: Z10-2131 | H2: =IF(F2="Sí","FUERA DE SERVICIO",IF(AND(B2="Sí",C2="Sí",D2="Sí",E2="Sí"),"COMPLETO",IF(COUNTIF(B2:E2,"Sí")>0,"EN PROCESO","SIN REVISAR"))) -> SIN REVISAR
A3: Z10-2133 | H3: =IF(F3="Sí","FUERA DE SERVICIO",IF(AND(B3="Sí",C3="Sí",D3="Sí",E3="Sí"),"COMPLETO",IF(COUNTIF(B3:E3,"Sí")>0,"EN PROCESO","SIN REVISAR"))) -> SIN REVISAR
A4: Z10-2144 | H4: =IF(F4="Sí","FUERA DE SERVICIO",IF(AND(B4="Sí",C4="Sí",D4="Sí",E4="Sí"),"COMPLETO",IF(COUNTIF(B4:E4,"Sí")>0,"EN PROCESO","SIN REVISAR"))) -> SIN REVISAR
A5: Z10-2151 | H5: =IF(F5="Sí","FUERA DE SERVICIO",IF(AND(B5="Sí",C5="Sí",D5="Sí",E5="Sí"),"COMPLETO",IF(COUNTIF(B5:E5,"Sí")>0,"EN PROCESO","SIN REVISAR"))) -> SIN REVISAR
A6: Z10-2152 | H6: =IF(F6="Sí","FUERA DE SERVICIO",IF(AND(B6="Sí",C6="Sí",D6="Sí",E6="Sí"),"COMPLETO",IF(COUNTIF(B6:E6,"Sí")>0,"EN PROCESO","SIN REVISAR"))) -> SIN REVISAR
A7: Z10-2154 | H7: =IF(F7="Sí","FUERA DE SERVICIO",IF(AND(B7="Sí",C7="Sí",D7="Sí",E7="Sí"),"COMPLETO",IF(COUNTIF(B7:E7,"Sí")>0,"EN PROCESO","SIN REVISAR"))) -> SIN REVISAR
A8: Z10-2155 | H8: =IF(F8="Sí","FUERA DE SERVICIO",IF(AND(B8="Sí",C8="Sí",D8="Sí",E8="Sí"),"COMPLETO",IF(COUNTIF(B8:E8,"Sí")>0,"EN PROCESO","SIN REVISAR"))) -> SIN REVISAR
A9: Z10-2161 | H9: =IF(F9="Sí","FUERA DE SERVICIO",IF(AND(B9="Sí",C9="Sí",D9="Sí",E9="Sí"),"COMPLETO",IF(COUNTIF(B9:E9,"Sí")>0,"EN PROCESO","SIN REVISAR"))) -> SIN REVISAR
A10: Z10-2164 | H10: =IF(F10="Sí","FUERA DE SERVICIO",IF(AND(B10="Sí",C10="Sí",D10="Sí",E10="Sí"),"COMPLETO",IF(COUNTIF(B10:E10,"Sí")>0,"EN PROCESO","SIN REVISAR"))) -> SIN REVISAR
A11: Z10-2179 | H11: =IF(F11="Sí","FUERA DE SERVICIO",IF(AND(B11="Sí",C11="Sí",D11="Sí",E11="Sí"),"COMPLETO",IF(COUNTIF(B11:E11,"Sí")>0,"EN PROCESO","SIN REVISAR"))) -> SIN REVISAR
A12: Z10-2180 | H12: =IF(F12="Sí","FUERA DE SERVICIO",IF(AND(B12="Sí",C12="Sí",D12="Sí",E12="Sí"),"COMPLETO",IF(COUNTIF(B12:E12,"Sí")>0,"EN PROCESO","SIN REVISAR"))) -> SIN REVISAR
A13: Z10-2181 | H13: =IF(F13="Sí","FUERA DE SERVICIO",IF(AND(B13="Sí",C13="Sí",D13="Sí",E13="Sí"),"COMPLETO",IF(COUNTIF(B13:E13,"Sí")>0,"EN PROCESO","SIN REVISAR"))) -> SIN REVISAR
... A129: Z10-4559 | H129: =IF(F129="Sí","FUERA DE SERVICIO",IF(AND(B129="Sí",C129="Sí",D129="Sí",E129="Sí"),"COMPLETO",IF(COUNTIF(B129:E129,"Sí")>0,"EN PROCESO","SIN REVISAR"))) -> SIN REVISAR

Sheet CONEJERA
A1: MOVIL | B1: RUTERO FRONTAL | C1: RUTERO LATERAL | D1: RUTERO TRASERO | E1: COMANDO | F1: FUERA DE SERVICIO | G1: COMENTARIOS | H1: ESTADO
A2: Z10-4134 | H2: =IF(F2="Sí","FUERA DE SERVICIO",IF(AND(B2="Sí",C2="Sí",D2="Sí",E2="Sí"),"COMPLETO",IF(COUNTIF(B2:E2,"Sí")>0,"EN PROCESO","SIN REVISAR"))) -> SIN REVISAR
A3: Z10-4159 | H3: =IF(F3="Sí","FUERA DE SERVICIO",IF(AND(B3="Sí",C3="Sí",D3="Sí",E3="Sí"),"COMPLETO",IF(COUNTIF(B3:E3,"Sí")>0,"EN PROCESO","SIN REVISAR"))) -> SIN REVISAR
A4: Z10-4203 | H4: =IF(F4="Sí","FUERA DE SERVICIO",IF(AND(B4="Sí",C4="Sí",D4="Sí",E4="Sí"),"COMPLETO",IF(COUNTIF(B4:E4,"Sí")>0,"EN PROCESO","SIN REVISAR"))) -> SIN REVISAR
A5: Z10-4209 | H5: =IF(F5="Sí","FUERA DE SERVICIO",IF(AND(B5="Sí",C5="Sí",D5="Sí",E5="Sí"),"COMPLETO",IF(COUNTIF(B5:E5,"Sí")>0,"EN PROCESO","SIN REVISAR"))) -> SIN REVISAR
A6: Z10-4237 | H6: =IF(F6="Sí","FUERA DE SERVICIO",IF(AND(B6="Sí",C6="Sí",D6="Sí",E6="Sí"),"COMPLETO",IF(COUNTIF(B6:E6,"Sí")>0,"EN PROCESO","SIN REVISAR"))) -> SIN REVISAR
A7: Z10-4253 | H7: =IF(F7="Sí","FUERA DE SERVICIO",IF(AND(B7="Sí",C7="Sí",D7="Sí",E7="Sí"),"COMPLETO",IF(COUNTIF(B7:E7,"Sí")>0,"EN PROCESO","SIN REVISAR"))) -> SIN REVISAR
A8: Z10-4254 | H8: =IF(F8="Sí","FUERA DE SERVICIO",IF(AND(B8="Sí",C8="Sí",D8="Sí",E8="Sí"),"COMPLETO",IF(COUNTIF(B8:E8,"Sí")>0,"EN PROCESO","SIN REVISAR"))) -> SIN REVISAR
A9: Z10-4263 | H9: =IF(F9="Sí","FUERA DE SERVICIO",IF(AND(B9="Sí",C9="Sí",D9="Sí",E9="Sí"),"COMPLETO",IF(COUNTIF(B9:E9,"Sí")>0,"EN PROCESO","SIN REVISAR"))) -> SIN REVISAR
A10: Z10-4267 | H10: =IF(F10="Sí","FUERA DE SERVICIO",IF(AND(B10="Sí",C10="Sí",D10="Sí",E10="Sí"),"COMPLETO",IF(COUNTIF(B10:E10,"Sí")>0,"EN PROCESO","SIN REVISAR"))) -> SIN REVISAR
A11: Z10-4269 | H11: =IF(F11="Sí","FUERA DE SERVICIO",IF(AND(B11="Sí",C11="Sí",D11="Sí",E11="Sí"),"COMPLETO",IF(COUNTIF(B11:E11,"Sí")>0,"EN PROCESO","SIN REVISAR"))) -> SIN REVISAR
A12: Z10-4274 | H12: =IF(F12="Sí","FUERA DE SERVICIO",IF(AND(B12="Sí",C12="Sí",D12="Sí",E12="Sí"),"COMPLETO",IF(COUNTIF(B12:E12,"Sí")>0,"EN PROCESO","SIN REVISAR"))) -> SIN REVISAR
A13: Z10-4276 | H13: =IF(F13="Sí","FUERA DE SERVICIO",IF(AND(B13="Sí",C13="Sí",D13="Sí",E13="Sí"),"COMPLETO",IF(COUNTIF(B13:E13,"Sí")>0,"EN PROCESO","SIN REVISAR"))) -> SIN REVISAR
... A126: Z10-4683 | H126: =IF(F126="Sí","FUERA DE SERVICIO",IF(AND(B126="Sí",C126="Sí",D126="Sí",E126="Sí"),"COMPLETO",IF(COUNTIF(B126:E126,"Sí")>0,"EN PROCESO","SIN REVISAR"))) -> SIN REVISAR

Sheet Dashboard
A1: DASHBOARD FLOTA
A3: Total móviles | B3: =SUM(B11:B13) -> 374
A4: Revisados | B4: =SUM(C11:C13) -> 0
A5: Pendientes | B5: =SUM(D11:D13) -> 374
A10: Patio | B10: Total | C10: Revisados | D10: Pendientes
A11: ENGATIVA | B11: =COUNTA(ENGATIVA!A2:A122) -> 121 | C11: =SUMPRODUCT((ENGATIVA!B2:B122="Sí")+(ENGATIVA!C2:C122="Sí")+(ENGATIVA!D2:D122="Sí")+(ENGATIVA!E2:E122="Sí")>0) -> 0 | D11: =B11-C11 -> 121
A12: SUBA | B12: =COUNTA(SUBA!A2:A129) -> 128 | C12: =SUMPRODUCT((SUBA!B2:B129="Sí")+(SUBA!C2:C129="Sí")+(SUBA!D2:D129="Sí")+(SUBA!E2:E129="Sí")>0) -> 0 | D12: =B12-C12 -> 128
A13: CONEJERA | B13: =COUNTA(CONEJERA!A2:A126) -> 125 | C13: =SUMPRODUCT((CONEJERA!B2:B126="Sí")+(CONEJERA!C2:C126="Sí")+(CONEJERA!D2:D126="Sí")+(CONEJERA!E2:E126="Sí")>0) -> 0 | D13: =B13-C13 -> 125
